{
  "incident" :[{
               "incidentId" : 259,
               "incidentName" : "incident_01",
               "ticketStatus" : "pending",
               "machineStatus" : "stopped",
               "reason" : "Primary fan has been stopped",
               "criticality" : "high"

               },
               {
               "incidentId" : 260,
               "incidentName" : "incident_02",
               "ticketStatus" : "pending",
               "machineStatus" : "stopped",
               "reason" : "Primary fan has been stopped",
               "criticality" : "high"

               },
               {
               "incidentId" : 261,
               "incidentName" : "incident_03",
               "ticketStatus" : "pending",
               "machineStatus" : "stopped",
               "reason" : "Primary fan has been stopped",
               "criticality" : "high"

               },
               {
               "incidentId" : 262,
               "incidentName" : "incident_04",
               "ticketStatus" : "pending",
               "machineStatus" : "stopped",
               "reason" : "Primary fan has been stopped",
               "criticality" : "high"

               }
            ]
}