{
  "pastFailures" :[
    {
      "reason":"Motor Fail",
      "description":"The motor was not good.Needed to be changed.",
       "rating":4.6
    }, 
    {
      "reason":"Wire cut",
       "description":"Can be a primary reason. Please check cosiously",
       "rating":3
    }, 
    {
      "reason":"High Voltage",
       "description":"The frequency of occurance is not that high.Still you can check for this.",
       "rating":1
    },
    {
      "reason":"Low Voltage",
       "description":"The frequency of occurance is not that high.Still you can check for this.",
       "rating":1.5
    }, 
    {
      "reason":"Over hitting",
       "description":"The frequency of occurance is not that high.Still you can check for this.",
       "rating":0
    }
]
                          
}